<keymap version="1" name="Nikhil KeyBoard" parent="$default">
  <action id="Debug">
    <keyboard-shortcut first-keystroke="shift f9" />
    <keyboard-shortcut first-keystroke="numpad2" />
  </action>
  <action id="Debugger.EvaluateInConsole">
    <keyboard-shortcut first-keystroke="numpad3" />
  </action>
  <action id="Debugger.PopFrame">
    <keyboard-shortcut first-keystroke="shift ctrl back_quote" />
  </action>
  <action id="EvaluateExpression">
    <keyboard-shortcut first-keystroke="alt f8" />
    <keyboard-shortcut first-keystroke="numpad5" />
  </action>
  <action id="NewClass">
    <keyboard-shortcut first-keystroke="numpad4" />
  </action>
  <action id="Run">
    <keyboard-shortcut first-keystroke="shift f10" />
    <keyboard-shortcut first-keystroke="numpad1" />
  </action>
</keymap>